<?xml version="1.0" encoding="UTF-8"?>
<!DOCTYPE hibernate-mapping PUBLIC "-//Hibernate/Hibernate Mapping DTD 3.0//EN" "http://www.hibernate.org/dtd/hibernate-mapping-3.0.dtd">
<hibernate-mapping>
    <class name="Model.Peli" table="Peli" >
        <id column="idPeli" name="idPeli" type="long">
            <generator class="native"></generator>
         </id>
        <property name="titulo" type="string"/>
        <property name="anyo" />
        <property column="director" name="elDirector" />
    </class>
</hibernate-mapping>