<?xml version="1.0" encoding="UTF-8"?>
<!--
Click nbfs://nbhost/SystemFileSystem/Templates/Licenses/license-default.txt to change this license
Click nbfs://nbhost/SystemFileSystem/Templates/XML/XMLDocument.xml to edit this template
-->


<hibernate-configuration>
<session-factory>

<!-- Database connection settings -->

    <property name="connection.driver_class">com.mysql.cj.jdbc.Driver</property>
    <property name="connection.url">jdbc:mysql://localhost:3308/cine</property>
    <property name="connection.username">root</property>
    <property name="connection.password">root</property>

    <!-- JDBC connection pool (use the built-in) -->
    <property name="connection.pool_size">5</property>

    <!-- SQL dialect -->
    <property name="dialect">org.hibernate.dialect.MySQL5InnoDBDialect</property>

    <!-- Enable Hibernate's automatic session context management-->
    <property name="current_session_context_class">thread</property>

    <!-- Disable the second-level cache -->
    <property name="cache.provider_class">org.hibernate.cache.NoCacheProvider</property>

    <!-- Echo all executed SQL to stdout -->
    <property name="show_sql">true</property>

    <!-- Drop and re-create the database schema on startup -->
    <property name="hbm2ddl.auto">update</property>
    
    <!-- options  hbm2dll:
           create 
           update
           create-drop
           validate
    -->
    
    
    <!-- Mapping -->
    <mapping resource="Peli.hbm.xml" />
    
    <mapping class="Model.Peli_Anotada" />
  
    
    
</session-factory>
</hibernate-configuration>

